date,daily_net_buy_trn,cumulative_net_buy_trn,source,generated_at
2024-02-26,-0.2013,-0.2013,"Naver Finance KOSPI 외국인 순매수(억원→조원, 구조 감지 파서)",2026-07-18T16:33:46+09:00
2024-03-26,-1.9863,-2.1876,"Naver Finance KOSPI 외국인 순매수(억원→조원, 구조 감지 파서)",2026-07-18T16:33:46+09:00
2024-04-26,-1.9496,-4.1372,"Naver Finance KOSPI 외국인 순매수(억원→조원, 구조 감지 파서)",2026-07-18T16:33:46+09:00
2024-06-26,-4.6546,-8.7918,"Naver Finance KOSPI 외국인 순매수(억원→조원, 구조 감지 파서)",2026-07-18T16:33:46+09:00
2024-07-25,0.7386,-8.0532,"Naver Finance KOSPI 외국인 순매수(억원→조원, 구조 감지 파서)",2026-07-18T16:33:46+09:00
2024-09-25,-0.2486,-8.3018,"Naver Finance KOSPI 외국인 순매수(억원→조원, 구조 감지 파서)",2026-07-18T16:33:46+09:00
2024-10-25,0.5756,-7.7262,"Naver Finance KOSPI 외국인 순매수(억원→조원, 구조 감지 파서)",2026-07-18T16:33:46+09:00
2024-11-25,-0.7993,-8.5255,"Naver Finance KOSPI 외국인 순매수(억원→조원, 구조 감지 파서)",2026-07-18T16:33:46+09:00
2024-12-25,0.5225,-8.003,"Naver Finance KOSPI 외국인 순매수(억원→조원, 구조 감지 파서)",2026-07-18T16:33:46+09:00
2025-02-26,-1.3082,-9.3112,"Naver Finance KOSPI 외국인 순매수(억원→조원, 구조 감지 파서)",2026-07-18T16:33:46+09:00
2025-03-26,-1.2895,-10.6007,"Naver Finance KOSPI 외국인 순매수(억원→조원, 구조 감지 파서)",2026-07-18T16:33:46+09:00
2025-05-26,0.1015,0.1015,"Naver Finance KOSPI 외국인 순매수(억원→조원, 일별 구조 감지 파서)",2026-07-21T06:44:44+09:00
2025-05-27,-0.0781,-0.0781,"Naver Finance KOSPI 외국인 순매수(억원→조원, 일별 구조 감지 파서)",2026-07-22T01:23:52+09:00
2025-05-28,0.2999,0.2218,"Naver Finance KOSPI 외국인 순매수(억원→조원, 일별 구조 감지 파서)",2026-07-22T01:23:52+09:00
2025-05-29,0.2897,0.5115,"Naver Finance KOSPI 외국인 순매수(억원→조원, 일별 구조 감지 파서)",2026-07-22T01:23:52+09:00
2025-05-30,-0.607,-0.0955,"Naver Finance KOSPI 외국인 순매수(억원→조원, 일별 구조 감지 파서)",2026-07-22T01:23:52+09:00
2025-06-02,0.125,0.0295,"Naver Finance KOSPI 외국인 순매수(억원→조원, 일별 구조 감지 파서)",2026-07-22T01:23:52+09:00
2025-06-04,1.0507,1.0802,"Naver Finance KOSPI 외국인 순매수(억원→조원, 일별 구조 감지 파서)",2026-07-22T01:23:52+09:00
2025-06-05,0.9801,2.0603,"Naver Finance KOSPI 외국인 순매수(억원→조원, 일별 구조 감지 파서)",2026-07-22T01:23:52+09:00
2025-06-09,0.9767,3.037,"Naver Finance KOSPI 외국인 순매수(억원→조원, 일별 구조 감지 파서)",2026-07-22T01:23:52+09:00
2025-06-10,0.6323,3.6693,"Naver Finance KOSPI 외국인 순매수(억원→조원, 일별 구조 감지 파서)",2026-07-22T01:23:52+09:00
2025-06-11,0.1661,3.8354,"Naver Finance KOSPI 외국인 순매수(억원→조원, 일별 구조 감지 파서)",2026-07-22T01:23:52+09:00
2025-06-12,0.4073,4.2427,"Naver Finance KOSPI 외국인 순매수(억원→조원, 일별 구조 감지 파서)",2026-07-22T01:23:52+09:00
2025-06-13,0.121,4.3637,"Naver Finance KOSPI 외국인 순매수(억원→조원, 일별 구조 감지 파서)",2026-07-22T01:23:52+09:00
2025-06-16,-0.3224,4.0413,"Naver Finance KOSPI 외국인 순매수(억원→조원, 일별 구조 감지 파서)",2026-07-22T01:23:52+09:00
2025-06-17,-0.0953,3.946,"Naver Finance KOSPI 외국인 순매수(억원→조원, 일별 구조 감지 파서)",2026-07-22T01:23:52+09:00
2025-06-18,0.287,4.233,"Naver Finance KOSPI 외국인 순매수(억원→조원, 일별 구조 감지 파서)",2026-07-22T01:23:52+09:00
2025-06-19,-0.0826,4.1504,"Naver Finance KOSPI 외국인 순매수(억원→조원, 일별 구조 감지 파서)",2026-07-22T01:23:52+09:00
2025-06-20,0.5626,4.713,"Naver Finance KOSPI 외국인 순매수(억원→조원, 일별 구조 감지 파서)",2026-07-22T01:23:52+09:00
2025-06-23,-0.3668,4.3462,"Naver Finance KOSPI 외국인 순매수(억원→조원, 일별 구조 감지 파서)",2026-07-22T01:23:52+09:00
2025-06-24,0.4383,4.7845,"Naver Finance KOSPI 외국인 순매수(억원→조원, 일별 구조 감지 파서)",2026-07-22T01:23:52+09:00
2025-06-25,-0.1108,4.6737,"Naver Finance KOSPI 외국인 순매수(억원→조원, 일별 구조 감지 파서)",2026-07-22T01:23:52+09:00
2025-06-26,-0.5794,4.0943,"Naver Finance KOSPI 외국인 순매수(억원→조원, 일별 구조 감지 파서)",2026-07-22T01:23:52+09:00
2025-06-27,-0.858,3.2363,"Naver Finance KOSPI 외국인 순매수(억원→조원, 일별 구조 감지 파서)",2026-07-22T01:23:52+09:00
2025-06-30,-0.6489,2.5874,"Naver Finance KOSPI 외국인 순매수(억원→조원, 일별 구조 감지 파서)",2026-07-22T01:23:52+09:00
2025-07-01,0.176,2.7634,"Naver Finance KOSPI 외국인 순매수(억원→조원, 일별 구조 감지 파서)",2026-07-22T01:23:52+09:00
2025-07-02,-0.3278,2.4356,"Naver Finance KOSPI 외국인 순매수(억원→조원, 일별 구조 감지 파서)",2026-07-22T01:23:52+09:00
2025-07-03,0.6427,3.0783,"Naver Finance KOSPI 외국인 순매수(억원→조원, 일별 구조 감지 파서)",2026-07-22T01:23:52+09:00
2025-07-04,0.1624,3.2407,"Naver Finance KOSPI 외국인 순매수(억원→조원, 일별 구조 감지 파서)",2026-07-22T01:23:52+09:00
2025-07-07,-0.0937,3.147,"Naver Finance KOSPI 외국인 순매수(억원→조원, 일별 구조 감지 파서)",2026-07-22T01:23:52+09:00
2025-07-08,0.2461,3.3931,"Naver Finance KOSPI 외국인 순매수(억원→조원, 일별 구조 감지 파서)",2026-07-22T01:23:52+09:00
2025-07-09,-0.4105,2.9826,"Naver Finance KOSPI 외국인 순매수(억원→조원, 일별 구조 감지 파서)",2026-07-22T01:23:52+09:00
2025-07-10,0.4694,3.452,"Naver Finance KOSPI 외국인 순매수(억원→조원, 일별 구조 감지 파서)",2026-07-22T01:23:52+09:00
2025-07-11,0.3259,3.7779,"Naver Finance KOSPI 외국인 순매수(억원→조원, 일별 구조 감지 파서)",2026-07-22T01:23:52+09:00
2025-07-14,0.3707,4.1486,"Naver Finance KOSPI 외국인 순매수(억원→조원, 일별 구조 감지 파서)",2026-07-22T01:23:52+09:00
2025-07-15,0.2123,4.3609,"Naver Finance KOSPI 외국인 순매수(억원→조원, 일별 구조 감지 파서)",2026-07-22T01:23:52+09:00
2025-07-16,0.0555,4.4164,"Naver Finance KOSPI 외국인 순매수(억원→조원, 일별 구조 감지 파서)",2026-07-22T01:23:52+09:00
2025-07-17,0.0493,4.4657,"Naver Finance KOSPI 외국인 순매수(억원→조원, 일별 구조 감지 파서)",2026-07-22T01:23:52+09:00
2025-07-18,0.1878,4.6535,"Naver Finance KOSPI 외국인 순매수(억원→조원, 일별 구조 감지 파서)",2026-07-22T01:23:52+09:00
2025-07-21,0.8935,5.547,"Naver Finance KOSPI 외국인 순매수(억원→조원, 일별 구조 감지 파서)",2026-07-22T01:23:52+09:00
2025-07-22,-0.1288,5.4182,"Naver Finance KOSPI 외국인 순매수(억원→조원, 일별 구조 감지 파서)",2026-07-22T01:23:52+09:00
2025-07-23,0.4228,5.841,"Naver Finance KOSPI 외국인 순매수(억원→조원, 일별 구조 감지 파서)",2026-07-22T01:23:52+09:00
2025-07-24,0.7386,6.5796,"Naver Finance KOSPI 외국인 순매수(억원→조원, 일별 구조 감지 파서)",2026-07-22T01:23:52+09:00
2025-07-25,0.2706,6.8502,"Naver Finance KOSPI 외국인 순매수(억원→조원, 일별 구조 감지 파서)",2026-07-22T01:23:52+09:00
2025-07-28,0.4753,7.3255,"Naver Finance KOSPI 외국인 순매수(억원→조원, 일별 구조 감지 파서)",2026-07-22T01:23:52+09:00
2025-07-29,0.6054,7.9309,"Naver Finance KOSPI 외국인 순매수(억원→조원, 일별 구조 감지 파서)",2026-07-22T01:23:52+09:00
2025-07-30,0.5783,8.5092,"Naver Finance KOSPI 외국인 순매수(억원→조원, 일별 구조 감지 파서)",2026-07-22T01:23:52+09:00
2025-07-31,0.345,8.8542,"Naver Finance KOSPI 외국인 순매수(억원→조원, 일별 구조 감지 파서)",2026-07-22T01:23:52+09:00
2025-08-01,-0.6524,8.2018,"Naver Finance KOSPI 외국인 순매수(억원→조원, 일별 구조 감지 파서)",2026-07-22T01:23:52+09:00
2025-08-04,0.083,8.2848,"Naver Finance KOSPI 외국인 순매수(억원→조원, 일별 구조 감지 파서)",2026-07-22T01:23:52+09:00
2025-08-05,0.2919,8.5767,"Naver Finance KOSPI 외국인 순매수(억원→조원, 일별 구조 감지 파서)",2026-07-22T01:23:52+09:00
2025-08-06,0.2804,8.8571,"Naver Finance KOSPI 외국인 순매수(억원→조원, 일별 구조 감지 파서)",2026-07-22T01:23:52+09:00
2025-08-07,-0.0171,8.84,"Naver Finance KOSPI 외국인 순매수(억원→조원, 일별 구조 감지 파서)",2026-07-22T01:23:52+09:00
2025-08-08,-0.1576,8.6824,"Naver Finance KOSPI 외국인 순매수(억원→조원, 일별 구조 감지 파서)",2026-07-22T01:23:52+09:00
2025-08-11,0.2169,8.8993,"Naver Finance KOSPI 외국인 순매수(억원→조원, 일별 구조 감지 파서)",2026-07-22T01:23:52+09:00
2025-08-12,-0.0604,8.8389,"Naver Finance KOSPI 외국인 순매수(억원→조원, 일별 구조 감지 파서)",2026-07-22T01:23:52+09:00
2025-08-13,0.6349,9.4738,"Naver Finance KOSPI 외국인 순매수(억원→조원, 일별 구조 감지 파서)",2026-07-22T01:23:52+09:00
2025-08-14,-0.0779,9.3959,"Naver Finance KOSPI 외국인 순매수(억원→조원, 일별 구조 감지 파서)",2026-07-22T01:23:52+09:00
2025-08-18,-0.4881,8.9078,"Naver Finance KOSPI 외국인 순매수(억원→조원, 일별 구조 감지 파서)",2026-07-22T01:23:52+09:00
2025-08-19,-0.4544,8.4534,"Naver Finance KOSPI 외국인 순매수(억원→조원, 일별 구조 감지 파서)",2026-07-22T01:23:52+09:00
2025-08-20,-0.2185,8.2349,"Naver Finance KOSPI 외국인 순매수(억원→조원, 일별 구조 감지 파서)",2026-07-22T01:23:52+09:00
2025-08-21,-0.0152,8.2197,"Naver Finance KOSPI 외국인 순매수(억원→조원, 일별 구조 감지 파서)",2026-07-22T01:23:52+09:00
2025-08-22,0.1826,8.4023,"Naver Finance KOSPI 외국인 순매수(억원→조원, 일별 구조 감지 파서)",2026-07-22T01:23:52+09:00
2025-08-25,0.1224,8.5247,"Naver Finance KOSPI 외국인 순매수(억원→조원, 일별 구조 감지 파서)",2026-07-22T01:23:52+09:00
2025-08-26,-0.6836,7.8411,"Naver Finance KOSPI 외국인 순매수(억원→조원, 일별 구조 감지 파서)",2026-07-22T01:23:52+09:00
2025-08-27,-0.2023,7.6388,"Naver Finance KOSPI 외국인 순매수(억원→조원, 일별 구조 감지 파서)",2026-07-22T01:23:52+09:00
2025-08-28,-0.0241,7.6147,"Naver Finance KOSPI 외국인 순매수(억원→조원, 일별 구조 감지 파서)",2026-07-22T01:23:52+09:00
2025-08-29,-0.3724,7.2423,"Naver Finance KOSPI 외국인 순매수(억원→조원, 일별 구조 감지 파서)",2026-07-22T01:23:52+09:00
2025-09-01,-0.272,6.9703,"Naver Finance KOSPI 외국인 순매수(억원→조원, 일별 구조 감지 파서)",2026-07-22T01:23:52+09:00
2025-09-02,0.401,7.3713,"Naver Finance KOSPI 외국인 순매수(억원→조원, 일별 구조 감지 파서)",2026-07-22T01:23:52+09:00
2025-09-03,0.4359,7.8072,"Naver Finance KOSPI 외국인 순매수(억원→조원, 일별 구조 감지 파서)",2026-07-22T01:23:52+09:00
2025-09-04,0.2025,8.0097,"Naver Finance KOSPI 외국인 순매수(억원→조원, 일별 구조 감지 파서)",2026-07-22T01:23:52+09:00
2025-09-05,-0.1374,7.8723,"Naver Finance KOSPI 외국인 순매수(억원→조원, 일별 구조 감지 파서)",2026-07-22T01:23:52+09:00
2025-09-08,0.2301,8.1024,"Naver Finance KOSPI 외국인 순매수(억원→조원, 일별 구조 감지 파서)",2026-07-22T01:23:52+09:00
2025-09-09,0.6808,8.7832,"Naver Finance KOSPI 외국인 순매수(억원→조원, 일별 구조 감지 파서)",2026-07-22T01:23:52+09:00
2025-09-10,1.3817,10.1649,"Naver Finance KOSPI 외국인 순매수(억원→조원, 일별 구조 감지 파서)",2026-07-22T01:23:52+09:00
2025-09-11,0.3,10.4649,"Naver Finance KOSPI 외국인 순매수(억원→조원, 일별 구조 감지 파서)",2026-07-22T01:23:52+09:00
2025-09-12,1.4355,11.9004,"Naver Finance KOSPI 외국인 순매수(억원→조원, 일별 구조 감지 파서)",2026-07-22T01:23:52+09:00
2025-09-15,0.2667,12.1671,"Naver Finance KOSPI 외국인 순매수(억원→조원, 일별 구조 감지 파서)",2026-07-22T01:23:52+09:00
2025-09-16,1.7927,13.9598,"Naver Finance KOSPI 외국인 순매수(억원→조원, 일별 구조 감지 파서)",2026-07-22T01:23:52+09:00
2025-09-17,-0.0347,13.9251,"Naver Finance KOSPI 외국인 순매수(억원→조원, 일별 구조 감지 파서)",2026-07-22T01:23:52+09:00
2025-09-18,0.2851,14.2102,"Naver Finance KOSPI 외국인 순매수(억원→조원, 일별 구조 감지 파서)",2026-07-22T01:23:52+09:00
2025-09-19,-0.308,13.9022,"Naver Finance KOSPI 외국인 순매수(억원→조원, 일별 구조 감지 파서)",2026-07-22T01:23:52+09:00
2025-09-22,0.5653,14.4675,"Naver Finance KOSPI 외국인 순매수(억원→조원, 일별 구조 감지 파서)",2026-07-22T01:23:52+09:00
2025-09-23,0.3414,14.8089,"Naver Finance KOSPI 외국인 순매수(억원→조원, 일별 구조 감지 파서)",2026-07-22T01:23:52+09:00
2025-09-24,-0.2486,14.5603,"Naver Finance KOSPI 외국인 순매수(억원→조원, 일별 구조 감지 파서)",2026-07-22T01:23:52+09:00
2025-09-25,0.2196,14.7799,"Naver Finance KOSPI 외국인 순매수(억원→조원, 일별 구조 감지 파서)",2026-07-22T01:23:52+09:00
2025-09-26,-0.5707,14.2092,"Naver Finance KOSPI 외국인 순매수(억원→조원, 일별 구조 감지 파서)",2026-07-22T01:23:52+09:00
2025-09-29,0.4472,14.6564,"Naver Finance KOSPI 외국인 순매수(억원→조원, 일별 구조 감지 파서)",2026-07-22T01:23:52+09:00
2025-09-30,0.023,14.6794,"Naver Finance KOSPI 외국인 순매수(억원→조원, 일별 구조 감지 파서)",2026-07-22T01:23:52+09:00
2025-10-01,0.8455,15.5249,"Naver Finance KOSPI 외국인 순매수(억원→조원, 일별 구조 감지 파서)",2026-07-22T01:23:52+09:00
2025-10-02,3.1265,18.6514,"Naver Finance KOSPI 외국인 순매수(억원→조원, 일별 구조 감지 파서)",2026-07-22T01:23:52+09:00
2025-10-10,1.0592,19.7106,"Naver Finance KOSPI 외국인 순매수(억원→조원, 일별 구조 감지 파서)",2026-07-22T01:23:52+09:00
2025-10-13,-0.822,18.8886,"Naver Finance KOSPI 외국인 순매수(억원→조원, 일별 구조 감지 파서)",2026-07-22T01:23:52+09:00
2025-10-14,0.5581,19.4467,"Naver Finance KOSPI 외국인 순매수(억원→조원, 일별 구조 감지 파서)",2026-07-22T01:23:52+09:00
2025-10-15,0.1631,19.6098,"Naver Finance KOSPI 외국인 순매수(억원→조원, 일별 구조 감지 파서)",2026-07-22T01:23:52+09:00
2025-10-16,0.6533,20.2631,"Naver Finance KOSPI 외국인 순매수(억원→조원, 일별 구조 감지 파서)",2026-07-22T01:23:52+09:00
2025-10-17,0.4438,20.7069,"Naver Finance KOSPI 외국인 순매수(억원→조원, 일별 구조 감지 파서)",2026-07-22T01:23:52+09:00
2025-10-20,-0.25,20.4569,"Naver Finance KOSPI 외국인 순매수(억원→조원, 일별 구조 감지 파서)",2026-07-22T01:23:52+09:00
2025-10-21,-0.0124,20.4445,"Naver Finance KOSPI 외국인 순매수(억원→조원, 일별 구조 감지 파서)",2026-07-22T01:23:52+09:00
2025-10-22,-0.7033,19.7412,"Naver Finance KOSPI 외국인 순매수(억원→조원, 일별 구조 감지 파서)",2026-07-22T01:23:52+09:00
2025-10-23,-0.4071,19.3341,"Naver Finance KOSPI 외국인 순매수(억원→조원, 일별 구조 감지 파서)",2026-07-22T01:23:52+09:00
2025-10-24,0.5756,19.9097,"Naver Finance KOSPI 외국인 순매수(억원→조원, 일별 구조 감지 파서)",2026-07-22T01:23:52+09:00
2025-10-27,0.6471,20.5568,"Naver Finance KOSPI 외국인 순매수(억원→조원, 일별 구조 감지 파서)",2026-07-22T01:23:52+09:00
2025-10-28,-1.6379,18.9189,"Naver Finance KOSPI 외국인 순매수(억원→조원, 일별 구조 감지 파서)",2026-07-22T01:23:52+09:00
2025-10-29,-0.1066,18.8123,"Naver Finance KOSPI 외국인 순매수(억원→조원, 일별 구조 감지 파서)",2026-07-22T01:23:52+09:00
2025-10-30,-0.1173,18.695,"Naver Finance KOSPI 외국인 순매수(억원→조원, 일별 구조 감지 파서)",2026-07-22T01:23:52+09:00
2025-10-31,1.3212,20.0162,"Naver Finance KOSPI 외국인 순매수(억원→조원, 일별 구조 감지 파서)",2026-07-22T01:23:52+09:00
2025-11-03,-0.7949,19.2213,"Naver Finance KOSPI 외국인 순매수(억원→조원, 일별 구조 감지 파서)",2026-07-22T01:23:52+09:00
2025-11-04,-2.2282,16.9931,"Naver Finance KOSPI 외국인 순매수(억원→조원, 일별 구조 감지 파서)",2026-07-22T01:23:52+09:00
2025-11-05,-2.0695,14.9236,"Naver Finance KOSPI 외국인 순매수(억원→조원, 일별 구조 감지 파서)",2026-07-22T01:23:52+09:00
2025-11-06,-1.695,13.2286,"Naver Finance KOSPI 외국인 순매수(억원→조원, 일별 구조 감지 파서)",2026-07-22T01:23:52+09:00
2025-11-07,-0.455,12.7736,"Naver Finance KOSPI 외국인 순매수(억원→조원, 일별 구조 감지 파서)",2026-07-22T01:23:52+09:00
2025-11-10,-0.151,12.6226,"Naver Finance KOSPI 외국인 순매수(억원→조원, 일별 구조 감지 파서)",2026-07-22T01:23:52+09:00
2025-11-11,0.077,12.6996,"Naver Finance KOSPI 외국인 순매수(억원→조원, 일별 구조 감지 파서)",2026-07-22T01:23:52+09:00
2025-11-12,-0.4265,12.2731,"Naver Finance KOSPI 외국인 순매수(억원→조원, 일별 구조 감지 파서)",2026-07-22T01:23:52+09:00
2025-11-13,0.9989,13.272,"Naver Finance KOSPI 외국인 순매수(억원→조원, 일별 구조 감지 파서)",2026-07-22T01:23:52+09:00
2025-11-14,-2.3575,10.9145,"Naver Finance KOSPI 외국인 순매수(억원→조원, 일별 구조 감지 파서)",2026-07-22T01:23:52+09:00
2025-11-17,0.5189,11.4334,"Naver Finance KOSPI 외국인 순매수(억원→조원, 일별 구조 감지 파서)",2026-07-22T01:23:52+09:00
2025-11-18,-0.55,10.8834,"Naver Finance KOSPI 외국인 순매수(억원→조원, 일별 구조 감지 파서)",2026-07-22T01:23:52+09:00
2025-11-19,-1.0495,9.8339,"Naver Finance KOSPI 외국인 순매수(억원→조원, 일별 구조 감지 파서)",2026-07-22T01:23:52+09:00
2025-11-20,0.7406,10.5745,"Naver Finance KOSPI 외국인 순매수(억원→조원, 일별 구조 감지 파서)",2026-07-22T01:23:52+09:00
2025-11-21,-2.8229,7.7516,"Naver Finance KOSPI 외국인 순매수(억원→조원, 일별 구조 감지 파서)",2026-07-22T01:23:52+09:00
2025-11-24,-0.7993,6.9523,"Naver Finance KOSPI 외국인 순매수(억원→조원, 일별 구조 감지 파서)",2026-07-22T01:23:52+09:00
2025-11-25,0.0049,6.9572,"Naver Finance KOSPI 외국인 순매수(억원→조원, 일별 구조 감지 파서)",2026-07-22T01:23:52+09:00
2025-11-26,0.5158,7.473,"Naver Finance KOSPI 외국인 순매수(억원→조원, 일별 구조 감지 파서)",2026-07-22T01:23:52+09:00
2025-11-27,0.1546,7.6276,"Naver Finance KOSPI 외국인 순매수(억원→조원, 일별 구조 감지 파서)",2026-07-22T01:23:52+09:00
2025-11-28,-2.0369,5.5907,"Naver Finance KOSPI 외국인 순매수(억원→조원, 일별 구조 감지 파서)",2026-07-22T01:23:52+09:00
2025-12-01,0.2235,5.8142,"Naver Finance KOSPI 외국인 순매수(억원→조원, 일별 구조 감지 파서)",2026-07-22T01:23:52+09:00
2025-12-02,1.2147,7.0289,"Naver Finance KOSPI 외국인 순매수(억원→조원, 일별 구조 감지 파서)",2026-07-22T01:23:52+09:00
2025-12-03,0.2816,7.3105,"Naver Finance KOSPI 외국인 순매수(억원→조원, 일별 구조 감지 파서)",2026-07-22T01:23:52+09:00
2025-12-04,-0.696,6.6145,"Naver Finance KOSPI 외국인 순매수(억원→조원, 일별 구조 감지 파서)",2026-07-22T01:23:52+09:00
2025-12-05,0.9934,7.6079,"Naver Finance KOSPI 외국인 순매수(억원→조원, 일별 구조 감지 파서)",2026-07-22T01:23:52+09:00
2025-12-08,0.3211,7.929,"Naver Finance KOSPI 외국인 순매수(억원→조원, 일별 구조 감지 파서)",2026-07-22T01:23:52+09:00
2025-12-09,-0.0889,7.8401,"Naver Finance KOSPI 외국인 순매수(억원→조원, 일별 구조 감지 파서)",2026-07-22T01:23:52+09:00
2025-12-10,0.3739,8.214,"Naver Finance KOSPI 외국인 순매수(억원→조원, 일별 구조 감지 파서)",2026-07-22T01:23:52+09:00
2025-12-11,0.3656,8.5796,"Naver Finance KOSPI 외국인 순매수(억원→조원, 일별 구조 감지 파서)",2026-07-22T01:23:52+09:00
2025-12-12,0.0414,8.621,"Naver Finance KOSPI 외국인 순매수(억원→조원, 일별 구조 감지 파서)",2026-07-22T01:23:52+09:00
2025-12-15,-0.9569,7.6641,"Naver Finance KOSPI 외국인 순매수(억원→조원, 일별 구조 감지 파서)",2026-07-22T01:23:52+09:00
2025-12-16,-1.0305,6.6336,"Naver Finance KOSPI 외국인 순매수(억원→조원, 일별 구조 감지 파서)",2026-07-22T01:23:52+09:00
2025-12-17,-0.0322,6.6014,"Naver Finance KOSPI 외국인 순매수(억원→조원, 일별 구조 감지 파서)",2026-07-22T01:23:52+09:00
2025-12-18,-0.3459,6.2555,"Naver Finance KOSPI 외국인 순매수(억원→조원, 일별 구조 감지 파서)",2026-07-22T01:23:52+09:00
2025-12-19,-0.7573,5.4982,"Naver Finance KOSPI 외국인 순매수(억원→조원, 일별 구조 감지 파서)",2026-07-22T01:23:52+09:00
2025-12-22,1.1017,6.5999,"Naver Finance KOSPI 외국인 순매수(억원→조원, 일별 구조 감지 파서)",2026-07-22T01:23:52+09:00
2025-12-23,0.9551,7.555,"Naver Finance KOSPI 외국인 순매수(억원→조원, 일별 구조 감지 파서)",2026-07-22T01:23:52+09:00
2025-12-24,0.5225,8.0775,"Naver Finance KOSPI 외국인 순매수(억원→조원, 일별 구조 감지 파서)",2026-07-22T01:23:52+09:00
2025-12-26,1.779,9.8565,"Naver Finance KOSPI 외국인 순매수(억원→조원, 일별 구조 감지 파서)",2026-07-22T01:23:52+09:00
2025-12-29,0.3337,10.1902,"Naver Finance KOSPI 외국인 순매수(억원→조원, 일별 구조 감지 파서)",2026-07-22T01:23:52+09:00
2025-12-30,-0.4768,9.7134,"Naver Finance KOSPI 외국인 순매수(억원→조원, 일별 구조 감지 파서)",2026-07-22T01:23:52+09:00
2026-01-02,0.6309,10.3443,"Naver Finance KOSPI 외국인 순매수(억원→조원, 일별 구조 감지 파서)",2026-07-22T01:23:52+09:00
2026-01-05,2.1726,12.5169,"Naver Finance KOSPI 외국인 순매수(억원→조원, 일별 구조 감지 파서)",2026-07-22T01:23:52+09:00
2026-01-06,-0.6184,11.8985,"Naver Finance KOSPI 외국인 순매수(억원→조원, 일별 구조 감지 파서)",2026-07-22T01:23:52+09:00
2026-01-07,1.2548,13.1533,"Naver Finance KOSPI 외국인 순매수(억원→조원, 일별 구조 감지 파서)",2026-07-22T01:23:52+09:00
2026-01-08,-0.0979,13.0554,"Naver Finance KOSPI 외국인 순매수(억원→조원, 일별 구조 감지 파서)",2026-07-22T01:23:52+09:00
2026-01-09,-1.6068,11.4486,"Naver Finance KOSPI 외국인 순매수(억원→조원, 일별 구조 감지 파서)",2026-07-22T01:23:52+09:00
2026-01-12,-0.3512,11.0974,"Naver Finance KOSPI 외국인 순매수(억원→조원, 일별 구조 감지 파서)",2026-07-22T01:23:52+09:00
2026-01-13,-0.2793,10.8181,"Naver Finance KOSPI 외국인 순매수(억원→조원, 일별 구조 감지 파서)",2026-07-22T01:23:52+09:00
2026-01-14,-0.376,10.4421,"Naver Finance KOSPI 외국인 순매수(억원→조원, 일별 구조 감지 파서)",2026-07-22T01:23:52+09:00
2026-01-15,0.345,10.7871,"Naver Finance KOSPI 외국인 순매수(억원→조원, 일별 구조 감지 파서)",2026-07-22T01:23:52+09:00
2026-01-16,0.435,11.2221,"Naver Finance KOSPI 외국인 순매수(억원→조원, 일별 구조 감지 파서)",2026-07-22T01:23:52+09:00
2026-01-19,0.5532,11.7753,"Naver Finance KOSPI 외국인 순매수(억원→조원, 일별 구조 감지 파서)",2026-07-22T01:23:52+09:00
2026-01-20,0.1232,11.8985,"Naver Finance KOSPI 외국인 순매수(억원→조원, 일별 구조 감지 파서)",2026-07-22T01:23:52+09:00
2026-01-21,0.4394,12.3379,"Naver Finance KOSPI 외국인 순매수(억원→조원, 일별 구조 감지 파서)",2026-07-22T01:23:52+09:00
2026-01-22,-0.2432,12.0947,"Naver Finance KOSPI 외국인 순매수(억원→조원, 일별 구조 감지 파서)",2026-07-22T01:23:52+09:00
2026-01-23,0.1438,12.2385,"Naver Finance KOSPI 외국인 순매수(억원→조원, 일별 구조 감지 파서)",2026-07-22T01:23:52+09:00
2026-01-26,-0.1588,12.0797,"Naver Finance KOSPI 외국인 순매수(억원→조원, 일별 구조 감지 파서)",2026-07-22T01:23:52+09:00
2026-01-27,0.8448,12.9245,"Naver Finance KOSPI 외국인 순매수(억원→조원, 일별 구조 감지 파서)",2026-07-22T01:23:52+09:00
2026-01-28,0.4008,13.3253,"Naver Finance KOSPI 외국인 순매수(억원→조원, 일별 구조 감지 파서)",2026-07-22T01:23:52+09:00
2026-01-29,-1.4897,11.8356,"Naver Finance KOSPI 외국인 순매수(억원→조원, 일별 구조 감지 파서)",2026-07-22T01:23:52+09:00
2026-01-30,-1.9729,9.8627,"Naver Finance KOSPI 외국인 순매수(억원→조원, 일별 구조 감지 파서)",2026-07-22T01:23:52+09:00
2026-02-02,-2.5168,7.3459,"Naver Finance KOSPI 외국인 순매수(억원→조원, 일별 구조 감지 파서)",2026-07-22T01:23:52+09:00
2026-02-03,0.7038,8.0497,"Naver Finance KOSPI 외국인 순매수(억원→조원, 일별 구조 감지 파서)",2026-07-22T01:23:52+09:00
2026-02-04,-0.9413,7.1084,"Naver Finance KOSPI 외국인 순매수(억원→조원, 일별 구조 감지 파서)",2026-07-22T01:23:52+09:00
2026-02-05,-5.0108,2.0976,"Naver Finance KOSPI 외국인 순매수(억원→조원, 일별 구조 감지 파서)",2026-07-22T01:23:52+09:00
2026-02-06,-3.3233,-1.2257,"Naver Finance KOSPI 외국인 순매수(억원→조원, 일별 구조 감지 파서)",2026-07-22T01:23:52+09:00
2026-02-09,0.432,-0.7937,"Naver Finance KOSPI 외국인 순매수(억원→조원, 일별 구조 감지 파서)",2026-07-22T01:23:52+09:00
2026-02-10,0.1474,-0.6463,"Naver Finance KOSPI 외국인 순매수(억원→조원, 일별 구조 감지 파서)",2026-07-22T01:23:52+09:00
2026-02-11,0.8461,0.1998,"Naver Finance KOSPI 외국인 순매수(억원→조원, 일별 구조 감지 파서)",2026-07-22T01:23:52+09:00
2026-02-12,2.9954,3.1952,"Naver Finance KOSPI 외국인 순매수(억원→조원, 일별 구조 감지 파서)",2026-07-22T01:23:52+09:00
2026-02-13,-0.922,2.2732,"Naver Finance KOSPI 외국인 순매수(억원→조원, 일별 구조 감지 파서)",2026-07-22T01:23:52+09:00
2026-02-19,-0.9396,1.3336,"Naver Finance KOSPI 외국인 순매수(억원→조원, 일별 구조 감지 파서)",2026-07-22T01:23:52+09:00
2026-02-20,-0.742,0.5916,"Naver Finance KOSPI 외국인 순매수(억원→조원, 일별 구조 감지 파서)",2026-07-22T01:23:52+09:00
2026-02-23,-1.1132,-0.5216,"Naver Finance KOSPI 외국인 순매수(억원→조원, 일별 구조 감지 파서)",2026-07-22T01:23:52+09:00
2026-02-24,-0.2013,-0.7229,"Naver Finance KOSPI 외국인 순매수(억원→조원, 일별 구조 감지 파서)",2026-07-22T01:23:52+09:00
2026-02-25,-1.3082,-2.0311,"Naver Finance KOSPI 외국인 순매수(억원→조원, 일별 구조 감지 파서)",2026-07-22T01:23:52+09:00
2026-02-26,-2.1135,-4.1446,"Naver Finance KOSPI 외국인 순매수(억원→조원, 일별 구조 감지 파서)",2026-07-22T01:23:52+09:00
2026-02-27,-7.0528,-11.1974,"Naver Finance KOSPI 외국인 순매수(억원→조원, 일별 구조 감지 파서)",2026-07-22T01:23:52+09:00
2026-03-03,-5.1487,-16.3461,"Naver Finance KOSPI 외국인 순매수(억원→조원, 일별 구조 감지 파서)",2026-07-22T01:23:52+09:00
2026-03-04,0.2303,-16.1158,"Naver Finance KOSPI 외국인 순매수(억원→조원, 일별 구조 감지 파서)",2026-07-22T01:23:52+09:00
2026-03-05,-0.1446,-16.2604,"Naver Finance KOSPI 외국인 순매수(억원→조원, 일별 구조 감지 파서)",2026-07-22T01:23:52+09:00
2026-03-06,-1.9418,-18.2022,"Naver Finance KOSPI 외국인 순매수(억원→조원, 일별 구조 감지 파서)",2026-07-22T01:23:52+09:00
2026-03-09,-3.1735,-21.3757,"Naver Finance KOSPI 외국인 순매수(억원→조원, 일별 구조 감지 파서)",2026-07-22T01:23:52+09:00
2026-03-10,1.0283,-20.3474,"Naver Finance KOSPI 외국인 순매수(억원→조원, 일별 구조 감지 파서)",2026-07-22T01:23:52+09:00
2026-03-11,-0.2563,-20.6037,"Naver Finance KOSPI 외국인 순매수(억원→조원, 일별 구조 감지 파서)",2026-07-22T01:23:52+09:00
2026-03-12,-2.3831,-22.9868,"Naver Finance KOSPI 외국인 순매수(억원→조원, 일별 구조 감지 파서)",2026-07-22T01:23:52+09:00
2026-03-13,-1.4502,-24.437,"Naver Finance KOSPI 외국인 순매수(억원→조원, 일별 구조 감지 파서)",2026-07-22T01:23:52+09:00
2026-03-16,-0.8485,-25.2855,"Naver Finance KOSPI 외국인 순매수(억원→조원, 일별 구조 감지 파서)",2026-07-22T01:23:52+09:00
2026-03-17,-0.174,-25.4595,"Naver Finance KOSPI 외국인 순매수(억원→조원, 일별 구조 감지 파서)",2026-07-22T01:23:52+09:00
2026-03-18,0.8802,-24.5793,"Naver Finance KOSPI 외국인 순매수(억원→조원, 일별 구조 감지 파서)",2026-07-22T01:23:52+09:00
2026-03-19,-1.876,-26.4553,"Naver Finance KOSPI 외국인 순매수(억원→조원, 일별 구조 감지 파서)",2026-07-22T01:23:52+09:00
2026-03-20,-1.2402,-27.6955,"Naver Finance KOSPI 외국인 순매수(억원→조원, 일별 구조 감지 파서)",2026-07-22T01:23:52+09:00
2026-03-23,-3.6751,-31.3706,"Naver Finance KOSPI 외국인 순매수(억원→조원, 일별 구조 감지 파서)",2026-07-22T01:23:52+09:00
2026-03-24,-1.9863,-33.3569,"Naver Finance KOSPI 외국인 순매수(억원→조원, 일별 구조 감지 파서)",2026-07-22T01:23:52+09:00
2026-03-25,-1.2895,-34.6464,"Naver Finance KOSPI 외국인 순매수(억원→조원, 일별 구조 감지 파서)",2026-07-22T01:23:52+09:00
2026-03-26,-2.937,-37.5834,"Naver Finance KOSPI 외국인 순매수(억원→조원, 일별 구조 감지 파서)",2026-07-22T01:23:52+09:00
2026-03-27,-3.4286,-41.012,"Naver Finance KOSPI 외국인 순매수(억원→조원, 일별 구조 감지 파서)",2026-07-22T01:23:52+09:00
2026-03-30,-2.0945,-43.1065,"Naver Finance KOSPI 외국인 순매수(억원→조원, 일별 구조 감지 파서)",2026-07-22T01:23:52+09:00
2026-03-31,-3.8386,-46.9451,"Naver Finance KOSPI 외국인 순매수(억원→조원, 일별 구조 감지 파서)",2026-07-22T01:23:52+09:00
2026-04-01,-0.6411,-47.5862,"Naver Finance KOSPI 외국인 순매수(억원→조원, 일별 구조 감지 파서)",2026-07-22T01:23:52+09:00
2026-04-02,-0.1368,-47.723,"Naver Finance KOSPI 외국인 순매수(억원→조원, 일별 구조 감지 파서)",2026-07-22T01:23:52+09:00
2026-04-03,0.8035,-46.9195,"Naver Finance KOSPI 외국인 순매수(억원→조원, 일별 구조 감지 파서)",2026-07-22T01:23:52+09:00
2026-04-06,-0.1596,-47.0791,"Naver Finance KOSPI 외국인 순매수(억원→조원, 일별 구조 감지 파서)",2026-07-22T01:23:52+09:00
2026-04-07,0.3704,-46.7087,"Naver Finance KOSPI 외국인 순매수(억원→조원, 일별 구조 감지 파서)",2026-07-22T01:23:52+09:00
2026-04-08,1.9089,-44.7998,"Naver Finance KOSPI 외국인 순매수(억원→조원, 일별 구조 감지 파서)",2026-07-22T01:23:52+09:00
2026-04-09,1.8476,-42.9522,"Naver Finance KOSPI 외국인 순매수(억원→조원, 일별 구조 감지 파서)",2026-07-22T01:23:52+09:00
2026-04-10,1.0641,-41.8881,"Naver Finance KOSPI 외국인 순매수(억원→조원, 일별 구조 감지 파서)",2026-07-22T01:23:52+09:00
2026-04-13,-0.4579,-42.346,"Naver Finance KOSPI 외국인 순매수(억원→조원, 일별 구조 감지 파서)",2026-07-22T01:23:52+09:00
2026-04-14,0.8276,-41.5184,"Naver Finance KOSPI 외국인 순매수(억원→조원, 일별 구조 감지 파서)",2026-07-22T01:23:52+09:00
2026-04-15,0.4973,-41.0211,"Naver Finance KOSPI 외국인 순매수(억원→조원, 일별 구조 감지 파서)",2026-07-22T01:23:52+09:00
2026-04-16,0.4814,-40.5397,"Naver Finance KOSPI 외국인 순매수(억원→조원, 일별 구조 감지 파서)",2026-07-22T01:23:52+09:00
2026-04-17,-1.9974,-42.5371,"Naver Finance KOSPI 외국인 순매수(억원→조원, 일별 구조 감지 파서)",2026-07-22T01:23:52+09:00
2026-04-20,-0.2338,-42.7709,"Naver Finance KOSPI 외국인 순매수(억원→조원, 일별 구조 감지 파서)",2026-07-22T01:23:52+09:00
2026-04-21,1.1565,-41.6144,"Naver Finance KOSPI 외국인 순매수(억원→조원, 일별 구조 감지 파서)",2026-07-22T01:23:52+09:00
2026-04-22,-0.6762,-42.2906,"Naver Finance KOSPI 외국인 순매수(억원→조원, 일별 구조 감지 파서)",2026-07-22T01:23:52+09:00
2026-04-23,-0.082,-42.3726,"Naver Finance KOSPI 외국인 순매수(억원→조원, 일별 구조 감지 파서)",2026-07-22T01:23:52+09:00
2026-04-24,-1.9496,-44.3222,"Naver Finance KOSPI 외국인 순매수(억원→조원, 일별 구조 감지 파서)",2026-07-22T01:23:52+09:00
2026-04-27,0.8563,-43.4659,"Naver Finance KOSPI 외국인 순매수(억원→조원, 일별 구조 감지 파서)",2026-07-22T01:23:52+09:00
2026-04-28,-0.1843,-43.6502,"Naver Finance KOSPI 외국인 순매수(억원→조원, 일별 구조 감지 파서)",2026-07-22T01:23:52+09:00
2026-04-29,-0.6071,-44.2573,"Naver Finance KOSPI 외국인 순매수(억원→조원, 일별 구조 감지 파서)",2026-07-22T01:23:52+09:00
2026-04-30,-1.4559,-45.7132,"Naver Finance KOSPI 외국인 순매수(억원→조원, 일별 구조 감지 파서)",2026-07-22T01:23:52+09:00
2026-05-04,2.9308,-42.7824,"Naver Finance KOSPI 외국인 순매수(억원→조원, 일별 구조 감지 파서)",2026-07-22T01:23:52+09:00
2026-05-06,3.1085,-39.6739,"Naver Finance KOSPI 외국인 순매수(억원→조원, 일별 구조 감지 파서)",2026-07-22T01:23:52+09:00
2026-05-07,-6.6987,-46.3726,"Naver Finance KOSPI 외국인 순매수(억원→조원, 일별 구조 감지 파서)",2026-07-22T01:23:52+09:00
2026-05-08,-5.2967,-51.6693,"Naver Finance KOSPI 외국인 순매수(억원→조원, 일별 구조 감지 파서)",2026-07-22T01:23:52+09:00
2026-05-11,-2.8147,-54.484,"Naver Finance KOSPI 외국인 순매수(억원→조원, 일별 구조 감지 파서)",2026-07-22T01:23:52+09:00
2026-05-12,-5.609,-60.093,"Naver Finance KOSPI 외국인 순매수(억원→조원, 일별 구조 감지 파서)",2026-07-22T01:23:52+09:00
2026-05-13,-3.7227,-63.8157,"Naver Finance KOSPI 외국인 순매수(억원→조원, 일별 구조 감지 파서)",2026-07-22T01:23:52+09:00
2026-05-14,-2.145,-65.9607,"Naver Finance KOSPI 외국인 순매수(억원→조원, 일별 구조 감지 파서)",2026-07-22T01:23:52+09:00
2026-05-15,-5.604,-71.5647,"Naver Finance KOSPI 외국인 순매수(억원→조원, 일별 구조 감지 파서)",2026-07-22T01:23:52+09:00
2026-05-18,-3.6492,-75.2139,"Naver Finance KOSPI 외국인 순매수(억원→조원, 일별 구조 감지 파서)",2026-07-22T01:23:52+09:00
2026-05-19,-5.7242,-80.9381,"Naver Finance KOSPI 외국인 순매수(억원→조원, 일별 구조 감지 파서)",2026-07-22T01:23:52+09:00
2026-05-20,-2.931,-83.8691,"Naver Finance KOSPI 외국인 순매수(억원→조원, 일별 구조 감지 파서)",2026-07-22T01:23:52+09:00
2026-05-21,-0.2212,-84.0903,"Naver Finance KOSPI 외국인 순매수(억원→조원, 일별 구조 감지 파서)",2026-07-22T01:23:52+09:00
2026-05-22,-1.9221,-86.0124,"Naver Finance KOSPI 외국인 순매수(억원→조원, 일별 구조 감지 파서)",2026-07-22T01:23:52+09:00
2026-05-26,-0.1321,-86.1445,"Naver Finance KOSPI 외국인 순매수(억원→조원, 일별 구조 감지 파서)",2026-07-22T01:23:52+09:00
2026-05-27,-0.2493,-86.3938,"Naver Finance KOSPI 외국인 순매수(억원→조원, 일별 구조 감지 파서)",2026-07-22T01:23:52+09:00
2026-05-28,-2.7414,-89.1352,"Naver Finance KOSPI 외국인 순매수(억원→조원, 일별 구조 감지 파서)",2026-07-22T01:23:52+09:00
2026-05-29,-1.0421,-90.1773,"Naver Finance KOSPI 외국인 순매수(억원→조원, 일별 구조 감지 파서)",2026-07-22T01:23:52+09:00
2026-06-01,-2.8219,-92.9992,"Naver Finance KOSPI 외국인 순매수(억원→조원, 일별 구조 감지 파서)",2026-07-22T01:23:52+09:00
2026-06-02,-6.3035,-99.3027,"Naver Finance KOSPI 외국인 순매수(억원→조원, 일별 구조 감지 파서)",2026-07-22T01:23:52+09:00
2026-06-04,-6.6663,-105.969,"Naver Finance KOSPI 외국인 순매수(억원→조원, 일별 구조 감지 파서)",2026-07-22T01:23:52+09:00
2026-06-05,-2.7638,-108.7328,"Naver Finance KOSPI 외국인 순매수(억원→조원, 일별 구조 감지 파서)",2026-07-22T01:23:52+09:00
2026-06-08,-0.2644,-108.9972,"Naver Finance KOSPI 외국인 순매수(억원→조원, 일별 구조 감지 파서)",2026-07-22T01:23:52+09:00
2026-06-09,-2.0064,-111.0036,"Naver Finance KOSPI 외국인 순매수(억원→조원, 일별 구조 감지 파서)",2026-07-22T01:23:52+09:00
2026-06-10,-2.7754,-113.779,"Naver Finance KOSPI 외국인 순매수(억원→조원, 일별 구조 감지 파서)",2026-07-22T01:23:52+09:00
2026-06-11,-1.464,-115.243,"Naver Finance KOSPI 외국인 순매수(억원→조원, 일별 구조 감지 파서)",2026-07-22T01:23:52+09:00
2026-06-12,2.2041,-113.0389,"Naver Finance KOSPI 외국인 순매수(억원→조원, 일별 구조 감지 파서)",2026-07-22T01:23:52+09:00
2026-06-15,1.0774,-111.9615,"Naver Finance KOSPI 외국인 순매수(억원→조원, 일별 구조 감지 파서)",2026-07-22T01:23:52+09:00
2026-06-16,1.5353,-110.4262,"Naver Finance KOSPI 외국인 순매수(억원→조원, 일별 구조 감지 파서)",2026-07-22T01:23:52+09:00
2026-06-17,-0.9952,-111.4214,"Naver Finance KOSPI 외국인 순매수(억원→조원, 일별 구조 감지 파서)",2026-07-22T01:23:52+09:00
2026-06-18,1.2776,-110.1438,"Naver Finance KOSPI 외국인 순매수(억원→조원, 일별 구조 감지 파서)",2026-07-22T01:23:52+09:00
2026-06-19,-0.3555,-110.4993,"Naver Finance KOSPI 외국인 순매수(억원→조원, 일별 구조 감지 파서)",2026-07-22T01:23:52+09:00
2026-06-22,-2.5466,-113.0459,"Naver Finance KOSPI 외국인 순매수(억원→조원, 일별 구조 감지 파서)",2026-07-22T01:23:52+09:00
2026-06-23,-4.2047,-117.2506,"Naver Finance KOSPI 외국인 순매수(억원→조원, 일별 구조 감지 파서)",2026-07-22T01:23:52+09:00
2026-06-24,-4.6546,-121.9052,"Naver Finance KOSPI 외국인 순매수(억원→조원, 일별 구조 감지 파서)",2026-07-22T01:23:52+09:00
2026-06-25,-0.8754,-122.7806,"Naver Finance KOSPI 외국인 순매수(억원→조원, 일별 구조 감지 파서)",2026-07-22T01:23:52+09:00
2026-06-26,-4.2906,-127.0712,"Naver Finance KOSPI 외국인 순매수(억원→조원, 일별 구조 감지 파서)",2026-07-22T01:23:52+09:00
2026-06-29,-7.7332,-134.8044,"Naver Finance KOSPI 외국인 순매수(억원→조원, 일별 구조 감지 파서)",2026-07-22T01:23:52+09:00
2026-06-30,-3.7992,-138.6036,"Naver Finance KOSPI 외국인 순매수(억원→조원, 일별 구조 감지 파서)",2026-07-22T01:23:52+09:00
2026-07-01,-1.7028,-140.3064,"Naver Finance KOSPI 외국인 순매수(억원→조원, 일별 구조 감지 파서)",2026-07-22T01:23:52+09:00
2026-07-02,-4.3706,-144.677,"Naver Finance KOSPI 외국인 순매수(억원→조원, 일별 구조 감지 파서)",2026-07-22T01:23:52+09:00
2026-07-03,-2.175,-146.852,"Naver Finance KOSPI 외국인 순매수(억원→조원, 일별 구조 감지 파서)",2026-07-22T01:23:52+09:00
2026-07-06,-1.3144,-148.1664,"Naver Finance KOSPI 외국인 순매수(억원→조원, 일별 구조 감지 파서)",2026-07-22T01:23:52+09:00
2026-07-07,-2.9172,-151.0836,"Naver Finance KOSPI 외국인 순매수(억원→조원, 일별 구조 감지 파서)",2026-07-22T01:23:52+09:00
2026-07-08,0.3437,-150.7399,"Naver Finance KOSPI 외국인 순매수(억원→조원, 일별 구조 감지 파서)",2026-07-22T01:23:52+09:00
2026-07-09,0.1343,-150.6056,"Naver Finance KOSPI 외국인 순매수(억원→조원, 일별 구조 감지 파서)",2026-07-22T01:23:52+09:00
2026-07-10,-0.3228,-150.9284,"Naver Finance KOSPI 외국인 순매수(억원→조원, 일별 구조 감지 파서)",2026-07-22T01:23:52+09:00
2026-07-13,-1.6705,-152.5989,"Naver Finance KOSPI 외국인 순매수(억원→조원, 일별 구조 감지 파서)",2026-07-22T01:23:52+09:00
2026-07-14,0.9565,-151.6424,"Naver Finance KOSPI 외국인 순매수(억원→조원, 일별 구조 감지 파서)",2026-07-22T01:23:52+09:00
2026-07-15,2.3031,-149.3393,"Naver Finance KOSPI 외국인 순매수(억원→조원, 일별 구조 감지 파서)",2026-07-22T01:23:52+09:00
2026-07-16,-1.3665,-150.7058,"Naver Finance KOSPI 외국인 순매수(억원→조원, 일별 구조 감지 파서)",2026-07-22T01:23:52+09:00
2026-07-20,0.5198,-150.186,"Naver Finance KOSPI 외국인 순매수(억원→조원, 일별 구조 감지 파서)",2026-07-22T01:23:52+09:00
2026-07-21,0.2952,-149.8127,"Naver Finance KOSPI 외국인 순매수(억원→조원, 일별 구조 감지 파서)",2026-07-21T18:14:57+09:00
